first_name,last_name,occupation,dob,country,project_id
0,Jennifer,Paul,"Psychologist, forensic",1906-03-11,Grenada,5255
1,Jessica,Massey,"Surveyor, rural practice",1947-01-10,Antigua and Barbuda,8201
2,William,Espinoza,English as a foreign language teacher,1947-07-30,Italy,4055
3,Colin,Mosley,"Designer, textile",1960-05-08,Malawi,6698
4,Brett,Lopez,"Designer, fashion/clothing",1997-02-04,Switzerland,8293
5,Jeremy,Harris,Broadcast engineer,1909-10-09,Marshall Islands,5553
6,Peter,Gibson,Energy manager,2014-11-14,Bahamas,8445
7,Allison,Wood,"Geologist, wellsite",2001-12-07,Equatorial Guinea,2645
8,David,Gutierrez,Information systems manager,1921-07-04,Heard Island and McDonald Islands,5534
9,Jennifer,Thomas,Dispensing optician,1972-03-10,Turkmenistan,3824
10,David,Williams,Diplomatic Services operational officer,1928-06-03,Denmark,1335
11,Julie,Gray,"Sales professional, IT",1933-12-23,Andorra,1048
12,Carla,Williams,Aeronautical engineer,1941-09-04,Uzbekistan,6846
13,Isabella,Scott,"Scientist, clinical (histocompatibility and immunogenetics)",1936-08-03,Uzbekistan,1753
14,Heather,Livingston,Psychiatric nurse,2020-11-16,Afghanistan,1329
15,Michael,Hernandez,Learning disability nurse,2008-02-02,Slovakia (Slovak Republic),2591
16,Michelle,Roberts,Youth worker,2014-02-07,Honduras,9228
17,Crystal,Green,Set designer,1931-03-09,Heard Island and McDonald Islands,913
18,Deborah,Miller,Market researcher,1922-03-11,Bahrain,5806
19,Adam,Franklin,"Programmer, applications",1980-06-15,Tonga,4254
20,Barbara,Mckenzie,Water quality scientist,1960-05-16,Afghanistan,6329
21,Chelsea,Brandt,Tourist information centre manager,1961-05-28,Mozambique,5954
22,Kelly,Baker,Advertising account planner,2003-04-30,Saint Kitts and Nevis,3582
23,Benjamin,Kelly,Lawyer,1937-11-14,Nigeria,2381
24,Rebecca,Garcia,"Restaurant manager, fast food",2000-12-22,Finland,9036
25,Kristopher,Wilson,Politician's assistant,1923-11-01,Saint Helena,7391
26,Joel,Thompson,"Administrator, education",1953-04-08,Montenegro,9895
27,Daniel,Livingston,Lawyer,1925-12-30,Ecuador,8616
28,Megan,Miller,Engineering geologist,1997-01-03,Lao People's Democratic Republic,6828
29,Marco,Harrison,"Accountant, chartered certified",1930-05-07,India,6705
30,Sarah,Burns,"Therapist, nutritional",1975-05-30,Malaysia,296
31,Miranda,Davis,Accommodation manager,1980-06-12,Faroe Islands,5402
32,Sandy,Harrison,Chief Technology Officer,1950-11-03,Wallis and Futuna,3747
33,Linda,Sutton,Contractor,2015-02-17,Uganda,2984
34,Heather,Rice,Film/video editor,2014-11-23,Togo,8933
35,Dawn,Stewart,"Administrator, education",2016-06-10,Saudi Arabia,1018
36,Kelly,Brown,Training and development officer,1960-02-07,Antarctica (the territory South of 60 deg S),2472
37,Sally,Lewis,"Engineer, petroleum",1949-09-29,Puerto Rico,6125
38,Malik,Alvarado,Product manager,1995-01-27,Guinea-Bissau,6582
39,Matthew,Butler,Air broker,1930-05-09,Togo,353
40,Michael,Zimmerman,Information officer,2014-11-27,Seychelles,8288
41,John,Sanders,Geoscientist,1932-11-13,Thailand,9982
42,Brooke,Dawson,Environmental education officer,1922-07-05,Vietnam,2723
43,Todd,Nunez,Statistician,1944-10-01,United States Minor Outlying Islands,4998
44,Derek,Brooks,"Programmer, multimedia",1961-03-11,Ukraine,3097
45,Vanessa,Melton,"Nurse, children's",1971-05-29,Niger,2382
46,Charles,Pierce,Media planner,1988-10-30,Guam,2634
47,Ryan,Jimenez,Broadcast journalist,1997-02-21,Kenya,1768
48,Heather,Harris,Best boy,2020-12-28,Sweden,684
49,Joseph,Juarez,"Psychotherapist, child",1967-05-17,Belize,6372
50,Sarah,Kelly,Video editor,1962-04-27,Algeria,275
51,Steven,Tucker,Magazine journalist,1983-03-03,Syrian Arab Republic,4353
52,Angela,Brown,Hydrographic surveyor,2012-01-13,United Kingdom,8147
53,Jason,Beck,Homeopath,1958-02-02,Reunion,9325
54,Adam,Mcdonald,Advertising account executive,1934-07-26,Guinea,111
55,Christopher,Lyons,Leisure centre manager,1922-06-04,Malta,5096
56,Alvin,Williams,Magazine journalist,1918-11-21,Greece,1345
57,Melissa,Bell,Legal secretary,1996-05-25,Pitcairn Islands,900
58,Kristin,Yates,"Teacher, adult education",1946-10-15,Greenland,3792
59,Austin,Fields,Aid worker,1940-11-03,Faroe Islands,7167
60,Angela,Gilbert,Fitness centre manager,1927-05-25,Saint Kitts and Nevis,5843
61,Michele,Frye,Forensic scientist,1972-08-02,Zambia,3446
62,Jeffrey,Perez,Secondary school teacher,1938-01-14,United States of America,3672
63,Laurie,Jackson,Historic buildings inspector/conservation officer,1906-10-25,Iceland,5793
64,Robert,Williams,Regulatory affairs officer,1929-10-30,Norway,8575
65,Brandon,Little,"Scientist, research (maths)",1915-09-12,Bouvet Island (Bouvetoya),1207
66,Jessica,Daugherty,Cytogeneticist,1906-08-29,American Samoa,237
67,Diane,Estrada,"Scientist, product/process development",2017-05-14,Cambodia,566
68,Charles,Schmidt,"Geneticist, molecular",1905-09-06,Palau,8916
69,Lance,Jones,Environmental education officer,1925-09-04,Netherlands,9077
70,Cindy,Brown,Technical brewer,1943-01-13,Azerbaijan,3747
71,Diana,Shaw,Seismic interpreter,1940-02-20,Aruba,6751
72,Tasha,Franklin,Astronomer,2013-03-12,Cambodia,3946
73,Eric,Booth,"Runner, broadcasting/film/video",1917-12-22,Israel,5473
74,Stephanie,Phillips,"Therapist, art",1978-04-17,Bangladesh,5821
75,Jason,Hamilton,"Accountant, chartered management",1963-10-26,Jamaica,8746
76,Danielle,Martinez,"Therapist, nutritional",2016-05-31,Cote d'Ivoire,6080
77,Joshua,Adams,Counsellor,2000-11-22,Mauritius,4087
78,Nicholas,Myers,Learning disability nurse,1907-05-21,Martinique,1822
79,Daniel,Hardy,Fine artist,1924-10-30,Russian Federation,3796
80,Cameron,Hall,Probation officer,1984-05-22,Benin,1160
81,Gerald,Schultz,Pensions consultant,2004-11-15,Gabon,9870
82,Julie,Dickerson,Arts development officer,2000-03-20,Greenland,7732
83,Courtney,Juarez,Estate manager/land agent,1994-04-12,British Indian Ocean Territory (Chagos Archipelago),899
84,James,Smith,Armed forces training and education officer,1988-03-11,Oman,4469
85,Danielle,Newton,"Librarian, academic",1915-07-24,South Africa,7786
86,Vincent,Cruz,Broadcast journalist,1945-03-25,Mayotte,4300
87,Tyler,Webster,"Nurse, children's",1923-09-22,Panama,7030
88,Roberto,Jackson,Trading standards officer,2003-10-29,Niue,4538
89,Sarah,Holmes,Multimedia programmer,1987-12-10,Guam,2179
90,Kelly,Adams,"Therapist, nutritional",1962-09-19,Malta,9422
91,Monica,Ibarra,"Designer, ceramics/pottery",1970-07-31,Timor-Leste,5761
92,Stephen,White,Furniture designer,1945-07-24,Equatorial Guinea,5763
93,John,Steele,Waste management officer,2006-10-17,Monaco,8609
94,Jodi,Guerra,Radio producer,1946-08-25,Nauru,9399
95,Patrick,Castro,Camera operator,1947-12-17,Congo,3794
96,Michelle,Bruce,Stage manager,1982-10-06,Liechtenstein,2478
97,James,Green,Fitness centre manager,1934-12-28,Korea,1315
98,Lisa,Weaver,Sport and exercise psychologist,2013-06-22,Korea,1540
99,Cindy,Humphrey,Recycling officer,1909-07-19,Nepal,2992
100,Travis,Owens,Tree surgeon,1935-05-23,Singapore,5092
101,Charles,Gross,Firefighter,1925-01-08,Andorra,4912
102,Aimee,Howard,Records manager,1931-04-27,Iceland,9550
103,Matthew,Williams,Automotive engineer,2007-03-26,Cameroon,3930
104,Melissa,Tanner,Community education officer,1948-11-25,Poland,2767
105,Kristina,Henson,Camera operator,1941-03-25,Mauritania,112
106,Andrea,Higgins,"Engineer, chemical",1938-03-29,Saint Lucia,5498
107,Daniel,Gilbert,Glass blower/designer,1986-02-01,United States Minor Outlying Islands,3116
108,Shane,Smith,Horticultural consultant,1911-12-06,Qatar,7356
109,Kevin,Clarke,Child psychotherapist,1983-01-07,Tanzania,5590
110,Glenn,Price,Teaching laboratory technician,1906-12-31,Slovenia,7862
111,Kathryn,Romero,Health and safety inspector,1917-12-17,Greece,1356
112,Joseph,Daugherty,Chief Technology Officer,1941-10-31,Lithuania,3206
113,Ashlee,Farley,"Scientist, research (physical sciences)",1950-01-29,Panama,1880
114,Olivia,Schmidt,IT trainer,1991-12-06,Germany,4217
115,Jonathan,Johnson,Accommodation manager,1954-03-18,Uganda,8210
116,Jean,Parker,Social worker,1930-04-19,Portugal,6222
117,Tyler,Brown,Transport planner,1999-09-01,Svalbard & Jan Mayen Islands,6342
118,Brandon,Young,Patent attorney,1934-06-16,Saint Pierre and Miquelon,4312
119,Steven,White,Waste management officer,1949-09-09,United States Virgin Islands,5421
120,Raymond,Gibbs,Arboriculturist,1907-06-01,Australia,7980
121,Joshua,Flynn,Civil Service administrator,1967-03-12,Kiribati,1195
122,Crystal,Turner,Tree surgeon,1927-05-30,Bouvet Island (Bouvetoya),1039
123,Dawn,Ballard,"Editor, film/video",2021-06-25,Afghanistan,4737
124,Troy,Douglas,Occupational therapist,1915-12-12,Angola,472
125,Amanda,Henderson,Ambulance person,1952-01-18,Bangladesh,2313
126,Nicholas,Kelly,Operational investment banker,1970-07-04,Venezuela,757
127,William,Johnson,"Producer, television/film/video",2016-12-23,Malaysia,6359
128,Caleb,Wallace,"Administrator, charities/voluntary organisations",1976-03-09,French Southern Territories,3345
129,Casey,Jones,"Designer, fashion/clothing",1916-07-04,Zimbabwe,5951
130,Shelby,Jacobs,Veterinary surgeon,1995-12-05,Iceland,4160
131,Erika,Rose,Community education officer,1940-06-04,Mexico,4323
132,David,Hoffman,Community arts worker,1965-05-11,Peru,4337
133,Emily,Anderson,"Accountant, chartered",1911-11-15,Moldova,1110
134,Kevin,Williamson,"Surveyor, insurance",2016-10-23,Wallis and Futuna,6544
135,Shawn,Ball,Graphic designer,2002-11-25,Comoros,3631
136,Christine,Reese,Chartered management accountant,1967-08-02,Guinea-Bissau,283
137,Catherine,Schroeder,"Scientist, physiological",1954-12-31,Dominican Republic,2083
138,Katie,Murphy,Building services engineer,1929-12-02,Israel,29
139,Thomas,Erickson,Charity fundraiser,2012-02-16,Iran,9940
140,James,Clark,Recycling officer,2004-12-20,Netherlands Antilles,8070
141,Adam,Webb,Occupational psychologist,2012-11-21,Saudi Arabia,788
142,Michelle,Ryan,Estate manager/land agent,1983-05-25,Puerto Rico,196
143,Cynthia,Atkinson,"Administrator, education",1988-11-29,Singapore,372
144,Deanna,Strickland,Building surveyor,1979-09-06,French Polynesia,9430
145,Daniel,Hawkins,Recycling officer,1999-04-22,Italy,8308
146,Katherine,Macias,Tourist information centre manager,2014-06-25,Saint Helena,1124
147,Caitlin,Cantu,"Engineer, aeronautical",2003-07-10,Albania,4842
148,Anthony,Watts,"Sales professional, IT",1936-07-31,Nicaragua,6957
149,Joe,Gonzales,"Surveyor, rural practice",1953-03-21,Botswana,6550
150,James,Blackburn,Telecommunications researcher,2016-08-22,Kazakhstan,8467
151,April,Oneill,"Psychologist, educational",1999-10-10,United States Minor Outlying Islands,3741
152,Sabrina,Garcia,Media buyer,1965-11-13,Tajikistan,1099
153,Michelle,Tyler,Biomedical engineer,1982-04-28,Lithuania,214
154,Allison,Spence,"Designer, interior/spatial",1991-03-12,Tuvalu,5423
155,Rebecca,Rivers,Senior tax professional/tax inspector,1914-11-26,Tokelau,5049
156,Gina,Carson,"Designer, multimedia",2013-02-02,Dominican Republic,6068
157,Diane,Hodges,Legal secretary,2006-04-13,Kyrgyz Republic,9026
158,Danny,Gilbert,"Pharmacist, hospital",1987-07-24,Eritrea,6349
159,Chad,Clark,"Exhibitions officer, museum/gallery",1951-05-13,Falkland Islands (Malvinas),3879
160,Alicia,Johnson,Higher education careers adviser,1973-04-29,Mali,5214
161,Derek,Ramirez,Health service manager,1972-01-29,Aruba,6734
162,Anthony,Stevens,Facilities manager,1977-05-01,Northern Mariana Islands,609
163,Michael,Lopez,Market researcher,1964-05-17,Iran,7158
164,Charles,Ballard,Medical laboratory scientific officer,1944-05-29,Poland,7398
165,John,Wagner,Private music teacher,1957-09-23,Grenada,6746
166,Tiffany,Smith,Sports administrator,1964-05-21,Hong Kong,3356
167,Robert,Garcia,Chemical engineer,1913-05-04,South Africa,2672
168,Stephen,Freeman,"Designer, multimedia",1929-08-08,Algeria,7106
169,Steven,Jackson,Furniture conservator/restorer,1942-06-19,French Guiana,5419
170,Vanessa,Sutton,Astronomer,1997-07-02,Brunei Darussalam,6916
171,Charles,Sheppard,Information systems manager,1932-08-04,Bermuda,6367
172,Tamara,Cherry,"Geologist, engineering",1923-05-30,Costa Rica,5616
173,Cory,Bennett,"Nurse, learning disability",2014-09-21,Solomon Islands,6203
174,Brian,Stewart,Technical brewer,1946-01-23,Western Sahara,6342
175,Peter,Lynch,Paediatric nurse,1946-11-26,San Marino,5540
176,Brenda,Evans,"Psychologist, clinical",1981-04-14,Puerto Rico,3117
177,Edward,Wright,"Investment banker, operational",1920-03-29,Indonesia,4855
178,Heather,Manning,Lexicographer,1924-01-18,Sierra Leone,2427
179,Kenneth,Walker,Education administrator,1975-02-26,Myanmar,96
180,Jose,Roth,Meteorologist,1910-12-02,Turkey,6041
181,Kimberly,Jackson,Production manager,1911-04-20,Luxembourg,3574
182,Lisa,Richardson,Advertising account executive,1938-12-31,Nigeria,3002
183,David,Howard,"Therapist, drama",1911-08-19,Saint Martin,8369
184,Miguel,Valencia,Environmental manager,1983-04-21,Estonia,8221
185,Haley,Harrell,Diagnostic radiographer,1974-06-17,Poland,3697
186,Jennifer,Clark,Software engineer,1933-10-26,Mauritius,2790
187,Emily,Alvarez,Retail manager,1949-02-04,Liberia,975
188,Kristen,Griffin,Set designer,2005-05-22,Cameroon,8454
189,William,Mitchell,"Engineer, energy",1958-09-14,Jersey,7075
190,Monique,Williams,Paediatric nurse,1998-08-24,Isle of Man,6758
191,Joseph,Rivera,Gaffer,2002-06-15,Nauru,1049
192,Christopher,Wilson,Early years teacher,1981-11-16,Reunion,2779
193,Billy,Blanchard,"Solicitor, Scotland",1934-12-07,French Southern Territories,2106
194,Matthew,Hill,"Engineer, control and instrumentation",2006-03-27,Hong Kong,6100
195,Kimberly,Johnson,Ship broker,2009-02-16,Portugal,5638
196,Jason,Hernandez,Diagnostic radiographer,1986-02-03,Malaysia,123
197,Jane,Shields,Medical sales representative,1971-12-02,Palestinian Territory,4375
198,Kevin,Butler,Radio producer,1911-03-26,Cyprus,3895
199,Wayne,Warner,"Librarian, public",1949-12-19,Senegal,3621
200,Craig,Winters,Film/video editor,2005-12-29,Lithuania,6345
201,Joanna,Chavez,Dramatherapist,1926-11-07,Burkina Faso,5501
202,Robert,Hunter,Biomedical scientist,1957-08-10,Eritrea,520
203,Thomas,Wallace,TEFL teacher,1989-08-29,Netherlands,1505
204,Kevin,Coffey,Public relations account executive,1979-04-13,Nauru,6503
205,Catherine,Clark,"Teacher, adult education",1967-02-27,Albania,5065
206,James,Patrick,Network engineer,1962-08-30,Tuvalu,6931
207,Emily,Lewis,"Psychologist, prison and probation services",2006-12-01,United States Virgin Islands,3698
208,Kara,Miller,"Engineer, chemical",2015-07-15,Saint Lucia,399
209,Roger,Hughes,Maintenance engineer,2002-10-19,Russian Federation,6812
210,Jennifer,Craig,Chief Marketing Officer,1953-02-26,Jordan,4737
211,Cristian,Green,"Scientist, research (physical sciences)",1943-12-03,Senegal,8820
212,Brian,Grant,Ship broker,1910-06-07,Austria,3788
213,Jennifer,Johnson,Podiatrist,1947-06-22,New Zealand,1119
214,Paul,Harris,"Engineer, petroleum",1905-10-08,Nauru,5615
215,Joshua,Hoover,Phytotherapist,1954-12-17,Equatorial Guinea,5193
216,David,Ross,Higher education lecturer,1950-02-10,Cyprus,7489
217,Christopher,Hodges,"Scientist, product/process development",1982-05-22,Cocos (Keeling) Islands,4782
218,Brian,Nelson,Biomedical scientist,1928-03-31,Guatemala,7959
219,Johnathan,Scott,Cytogeneticist,1958-05-31,Qatar,2238
220,Tiffany,Gutierrez,Actuary,1906-04-07,Burkina Faso,9366
221,Kim,Dunn,"Engineer, communications",1909-10-28,Niue,8738
222,Evan,Smith,Armed forces technical officer,1906-08-21,Korea,5298
223,Kimberly,Coleman,"Pilot, airline",2016-06-16,Slovenia,9996
224,Christine,Macdonald,Psychotherapist,1979-06-07,Hong Kong,5988
225,Michael,White,English as a foreign language teacher,2016-09-23,Montenegro,2910
226,Deborah,Camacho,Bookseller,1987-02-10,Turkmenistan,8237
227,Brent,Sanchez,Clothing/textile technologist,1930-01-15,Guinea,7543
228,Lori,Yu,Occupational therapist,2019-06-07,Zimbabwe,6653
229,Tony,Velasquez,Research scientist (physical sciences),2017-12-16,Saint Vincent and the Grenadines,4975
230,Jasmine,Bryant,Social researcher,1966-03-18,Mauritania,8565
231,Lisa,Barnett,Aid worker,1983-02-20,Saudi Arabia,9785
232,Richard,Wilson,Mental health nurse,1906-01-26,Paraguay,1059
233,Jason,Carrillo,"Journalist, magazine",1965-08-15,Malta,2798
234,Scott,Castillo,Tax adviser,2003-08-02,Palau,2204
235,Tanya,Lewis,Surgeon,1953-10-05,Malta,837
236,April,Moore,Medical illustrator,1960-07-04,Nicaragua,4855
237,Thomas,Lewis,Building control surveyor,1979-04-22,Ghana,1571
238,Shane,Gibson,"Geneticist, molecular",1912-10-26,French Polynesia,3346
239,Catherine,Black,Computer games developer,1971-08-30,Nicaragua,7648
240,Kathryn,Chavez,"Research officer, trade union",1954-05-10,Argentina,9866
241,Eduardo,Brown,Ecologist,1965-03-01,Haiti,1057
242,David,Ellison,"Nurse, children's",2009-06-18,Equatorial Guinea,4331
243,Ashley,Smith,TEFL teacher,1960-03-17,Congo,1514
244,Madison,Benjamin,Health promotion specialist,2009-06-24,Palestinian Territory,3715
245,Kimberly,Torres,"Education officer, environmental",1915-04-29,Greenland,3010
246,Jerome,Li,"Radiographer, therapeutic",1977-04-15,Saint Martin,2197
247,Aaron,Martin,Hydrographic surveyor,1991-08-02,Isle of Man,9005
248,Daniel,Warren,"Engineer, electronics",1969-04-13,Timor-Leste,5443
249,Melissa,Peterson,Community arts worker,1961-07-27,Antarctica (the territory South of 60 deg S),932
250,Caitlin,Huff,Diplomatic Services operational officer,1978-06-29,Iraq,2802
251,Brian,Huber,General practice doctor,1996-01-28,Bahrain,7845
252,Jason,Anderson,Contractor,1912-04-22,Nicaragua,2389
253,Kimberly,Whitney,Facilities manager,1942-12-10,Marshall Islands,4502
254,Brian,Brewer,"Designer, industrial/product",1992-07-24,Cuba,9702
255,Debbie,Williams,"Teacher, secondary school",1938-10-05,Cote d'Ivoire,2003
256,Daniel,Palmer,Hydrogeologist,1979-10-18,Monaco,9042
257,Stephanie,Lopez,Land/geomatics surveyor,1979-07-23,American Samoa,4669
258,Eileen,Winters,Aid worker,1969-06-24,Croatia,1420
259,Donald,Clarke,Herpetologist,1910-10-11,Slovenia,7340
260,Dale,Stewart,Probation officer,1966-10-29,Guinea,8456
261,Morgan,Williams,"Designer, furniture",1995-12-14,Nigeria,7416
262,David,Sweeney,Fast food restaurant manager,1956-05-18,Mayotte,4613
263,Michael,Harrison,Lawyer,1922-08-17,South Georgia and the South Sandwich Islands,4660
264,Terri,Bennett,Furniture conservator/restorer,2020-08-17,Guam,2096
265,Jessica,Baird,"Conservation officer, nature",1926-07-20,Mali,6069
266,Nichole,Patrick,Building services engineer,2001-03-05,Germany,5214
267,Kimberly,Diaz,Operational investment banker,1932-12-15,Peru,6861
268,Kevin,Murillo,Maintenance engineer,1935-06-23,Algeria,2386
269,Amy,Santos,Early years teacher,1978-12-07,Czech Republic,5279
270,Michele,Bryant,Chartered legal executive (England and Wales),2010-02-04,Congo,8084
271,Zachary,Ball,Press sub,1978-06-21,British Virgin Islands,1205
272,Adriana,Rodgers,"Psychotherapist, child",1924-04-24,Belarus,5383
273,Karen,Howard,Amenity horticulturist,1934-07-15,Korea,8116
274,Gregory,Farley,Tourist information centre manager,1941-11-21,Bosnia and Herzegovina,8780
275,Kyle,Hoffman,Surgeon,1910-05-08,Ethiopia,6363
276,Henry,Mullen,"Pilot, airline",1958-11-08,Uruguay,4840
277,David,Woods,Volunteer coordinator,1993-06-20,Syrian Arab Republic,7168
278,Steven,Bishop,"Designer, textile",1921-01-12,Saint Pierre and Miquelon,6731
279,Edward,Logan,"Runner, broadcasting/film/video",1993-03-08,Montserrat,1178
280,Mark,Rodriguez,Electronics engineer,1927-03-31,Tonga,2164
281,Christopher,Terrell,Engineering geologist,1970-02-06,Christmas Island,5478
282,Julie,Wolfe,"Teacher, adult education",1908-03-25,Micronesia,6526
283,Manuel,Brown,Health and safety inspector,1922-04-10,United Arab Emirates,4437
284,Jamie,Dean,Investment analyst,2004-04-01,Moldova,9010
285,Teresa,Wells,Office manager,1957-09-10,Turkmenistan,565
286,George,Fisher,"Optician, dispensing",1998-09-05,Slovakia (Slovak Republic),3730
287,Frank,Smith,Government social research officer,1930-07-24,Saudi Arabia,777
288,Lisa,Hopkins,Pharmacologist,1943-04-14,Poland,4588
289,Jocelyn,Cowan,Secretary/administrator,1942-07-23,Macao,8862
290,Timothy,Pacheco,International aid/development worker,2009-07-11,Bermuda,9110
291,Brian,Mendoza,Clinical embryologist,1938-05-01,Timor-Leste,9348
292,Keith,Thompson,Insurance broker,2006-01-21,Saint Barthelemy,9996
293,Christina,Stout,"Psychologist, counselling",1981-05-13,Saudi Arabia,1536
294,Kyle,Mayo,Trading standards officer,1989-01-03,Netherlands Antilles,3102
295,Jason,Wright,"Scientist, biomedical",2009-09-07,Antarctica (the territory South of 60 deg S),559
296,Brandon,Gordon,Graphic designer,1995-03-11,Palau,5431
297,David,Conrad,Aid worker,1913-06-24,Saint Martin,4172
298,Sandra,Robertson,Research scientist (maths),1957-05-25,Kyrgyz Republic,9331
299,Phillip,Young,Merchant navy officer,1968-04-01,Jamaica,6216
300,Gabriel,Garcia,Merchant navy officer,1923-06-15,Iceland,3355
301,Katie,Hunt,Animal technologist,1922-11-30,Reunion,3426
302,Pamela,Leonard,Midwife,1979-12-28,Pakistan,2469
303,Todd,Simmons,Sports therapist,1955-05-07,Portugal,458
304,Sarah,Brooks,Academic librarian,2018-10-14,Korea,5358
305,Gabrielle,Mckenzie,"Scientist, forensic",1912-06-19,Gambia,8583
306,Katie,Thompson,Biomedical engineer,1927-11-23,Greenland,9939
307,Rebecca,Snyder,Financial adviser,1989-07-22,Turks and Caicos Islands,3599
308,Sean,Cooper,"Nurse, children's",2008-05-22,Mexico,1109
309,Todd,Porter,Pension scheme manager,1962-01-01,Korea,8645
310,Christina,Harris,"Surveyor, quantity",2006-07-25,Saint Helena,6245
311,Valerie,Ortega,Outdoor activities/education manager,2007-05-17,Saint Barthelemy,4241
312,Gregory,Cain,Television/film/video producer,2016-02-17,Kiribati,8874
313,Kyle,Simmons,Special educational needs teacher,1915-04-28,Norway,2703
314,Dustin,Jones,Sub,1986-04-15,Montserrat,4900
315,Kelly,Kirby,"Civil engineer, consulting",1944-06-30,Iraq,8852
316,Patrick,Cook,Passenger transport manager,1978-11-11,Seychelles,5352
317,James,Johnson,Youth worker,1912-09-04,Cayman Islands,2279
318,John,Green,"Loss adjuster, chartered",1945-02-01,Swaziland,4150
319,Jeremy,Rodriguez,Dancer,1971-05-13,Mali,6502
320,Michele,Pitts,Warehouse manager,2006-02-09,Croatia,2357
321,Heather,Holmes,"Engineer, agricultural",1980-04-11,Germany,6349
322,Gregory,Morris,Economist,1984-04-21,Barbados,3568
323,Amy,Wright,Water quality scientist,1959-07-25,Sweden,9468
324,Margaret,Green,"Engineer, civil (consulting)",1912-08-26,Central African Republic,5956
325,John,Barton,Freight forwarder,1931-01-18,United States Minor Outlying Islands,3609
326,James,Webster,"Surveyor, minerals",2014-01-06,Kenya,2810
327,Christopher,Cox,Brewing technologist,1968-06-12,American Samoa,3768
328,Tyler,Weber,Mental health nurse,1963-08-20,Isle of Man,963
329,Cassandra,Massey,Information officer,2011-09-02,Reunion,2425
330,Katie,Williams,Metallurgist,1919-02-27,Sweden,430
331,Michael,Kent,"Surveyor, insurance",1914-04-05,Egypt,6872
332,Shannon,Pena,"Radiographer, therapeutic",1952-01-22,Poland,4967
333,Amanda,Nolan,Furniture conservator/restorer,1931-02-17,Greenland,4142
334,Michael,Anderson,Operational investment banker,1987-03-31,Hong Kong,9912
335,Matthew,Johnson,Trading standards officer,2020-02-22,Aruba,3350
336,Heather,Brooks,Water engineer,1932-03-31,Estonia,5607
337,Jennifer,Lewis,Stage manager,2018-08-03,Heard Island and McDonald Islands,9872
338,Eric,James,Paediatric nurse,1948-12-22,China,3455
339,James,Thomas,Retail buyer,1989-02-03,Djibouti,5007
340,Brandon,Martin,"Engineer, materials",2000-02-06,Saint Pierre and Miquelon,482
341,Wayne,Williams,Product designer,2004-03-22,Estonia,9396
342,Meghan,Hendrix,Printmaker,1918-09-27,Saudi Arabia,8433
343,Melissa,Page,"Psychotherapist, child",1913-07-17,Fiji,9127
344,Lori,Allen,Commercial/residential surveyor,1942-06-17,Australia,8374
345,Amber,Fisher,"Administrator, sports",1972-02-26,Congo,3550
346,Brandon,Prince,Public house manager,1955-10-15,Myanmar,5086
347,Scott,Peterson,Actor,2014-11-28,Falkland Islands (Malvinas),5696
348,Kenneth,Santiago,"Engineer, automotive",2011-01-16,Singapore,786
349,Kim,Dorsey,"Embryologist, clinical",1957-06-23,British Indian Ocean Territory (Chagos Archipelago),9077
350,Kevin,Davidson,Contractor,1999-06-19,Mongolia,5538
351,Amy,Morales,"Scientist, research (maths)",1905-07-31,Nigeria,5627
352,Daniel,Aguilar,Licensed conveyancer,2017-08-28,Singapore,2030
353,Tara,Byrd,Aeronautical engineer,1929-04-19,Singapore,6556
354,Shane,Key,Geographical information systems officer,1957-03-14,Falkland Islands (Malvinas),2048
355,Caitlin,Williams,Computer games developer,1906-04-09,Uruguay,9608
356,Sarah,Wells,"Conservation officer, historic buildings",1987-09-24,Honduras,5755
357,Angela,Williamson,Mental health nurse,2009-04-15,New Zealand,6095
358,David,Gonzalez,"Engineer, agricultural",1920-11-27,Portugal,303
359,Catherine,White,Occupational psychologist,2013-10-29,Dominica,6370
360,Bridget,Rodriguez,Advertising account executive,1987-05-21,Saint Barthelemy,2104
361,Christina,Roberts,Industrial buyer,1951-01-14,Greece,4435
362,Mary,Ayers,"Producer, radio",1972-01-15,Malaysia,39
363,Ryan,Jacobs,Customer service manager,1929-07-13,Morocco,6923
364,Nathaniel,Todd,Warden/ranger,1913-02-17,Croatia,8779
365,Robert,Carrillo,"Designer, exhibition/display",1950-08-28,Sweden,2693
366,Zachary,Meza,"Accountant, chartered management",2002-07-13,Guernsey,2158
367,Michelle,Villegas,Clothing/textile technologist,1995-07-23,Mozambique,8626
368,Susan,Neal,Air cabin crew,1966-05-28,Suriname,9695
369,Molly,Barnett,Corporate treasurer,2001-03-29,Bangladesh,7522
370,Thomas,Porter,Arts administrator,1927-03-10,Saudi Arabia,6720
371,Jason,Rivera,Cabin crew,1988-07-22,Rwanda,9965
372,Andrea,Guzman,Office manager,1968-10-22,Oman,7836
373,Garrett,Becker,Herbalist,1941-10-18,Argentina,6035
374,Charles,Jones,Corporate treasurer,2019-07-03,Jersey,171
375,Mitchell,Rose,Community arts worker,1941-05-09,Serbia,5202
376,Nicolas,Bell,Medical sales representative,1927-08-22,Kenya,6374
377,Michael,Conway,Systems developer,2002-04-29,Bhutan,4681
378,Claire,Welch,Pathologist,1978-09-18,Congo,855
379,Sharon,Boyd,Acupuncturist,1993-06-05,Korea,8680
380,Deanna,Merritt,Futures trader,1946-10-10,Cocos (Keeling) Islands,5283
381,Mark,Washington,Analytical chemist,1971-10-01,San Marino,3337
382,Eric,Chang,Publishing rights manager,2014-09-16,Niger,8233
383,Maria,Moore,Landscape architect,1954-03-15,Mauritius,2407
384,Kristi,Taylor,Community pharmacist,1965-07-22,Ukraine,5914
385,Ashley,Jones,Technical brewer,1940-01-23,British Virgin Islands,8624
386,Catherine,Miller,Exhibition designer,2014-12-20,El Salvador,7597
387,Joseph,Sanchez,Engineering geologist,1953-01-18,Bahrain,126
388,Wayne,West,"Surveyor, building",2009-06-10,Marshall Islands,5102
389,Eric,Rosales,Private music teacher,1939-11-12,Hong Kong,4978
390,Michelle,Scott,Clinical psychologist,1990-09-22,Kenya,4651
391,Diane,Robinson,"Librarian, academic",1972-06-26,Benin,8328
392,Justin,White,"Research officer, political party",1945-07-29,Fiji,7732
393,Michelle,Daniel,Field seismologist,2009-07-14,Qatar,7352
394,Jason,Lara,Veterinary surgeon,2007-11-04,Zimbabwe,8566
395,Brandi,Rios,Clinical embryologist,1910-04-19,South Africa,2309
396,Geoffrey,Sullivan,Medical technical officer,1927-10-08,United States of America,4262
397,Michael,Aguilar,Animal nutritionist,1996-03-15,Congo,7648
398,Kyle,Cruz,Education administrator,1984-11-24,Benin,9956
399,Michelle,Morrison,Patent examiner,1982-06-28,China,3536
400,Kaitlin,Johnson,"Designer, fashion/clothing",1990-11-28,Korea,9841
401,Devin,Wells,"Teacher, early years/pre",2004-02-09,Indonesia,3938
402,Nicholas,Ellison,Electronics engineer,1978-01-06,Luxembourg,5193
403,Noah,Phillips,IT consultant,1928-08-13,Argentina,7449
404,Anthony,Young,Visual merchandiser,1977-03-17,Kazakhstan,9036
405,Susan,Riggs,Stage manager,1938-08-10,Marshall Islands,2271
406,Cynthia,Vasquez,"Scientist, physiological",2011-07-16,Timor-Leste,1549
407,Jacob,Garcia,Research scientist (physical sciences),1918-10-23,Norfolk Island,838
408,Michael,Barron,Quarry manager,1919-08-14,Faroe Islands,3744
409,Victoria,Ruiz,Historic buildings inspector/conservation officer,1966-07-30,Swaziland,1225
410,Michael,Holmes,Patent examiner,2014-08-22,Andorra,4761
411,Richard,Rice,Sports therapist,1921-02-21,United States of America,7708
412,Brooke,Miller,"Accountant, chartered public finance",1921-05-07,Finland,406
413,Michael,Jimenez,Textile designer,1968-07-19,Niger,6936
414,Mary,Daniels,Technical brewer,1930-03-07,Seychelles,8489
415,Tammie,Fuentes,"Designer, furniture",1945-05-05,Algeria,5893
416,Scott,Green,Travel agency manager,1973-12-07,United States Virgin Islands,4273
417,Rebecca,Johnson,"Education officer, museum",2011-06-18,Chad,300
418,Luis,Woods,Brewing technologist,1911-12-23,Netherlands Antilles,4924
419,Jacqueline,King,Primary school teacher,1946-05-02,Burundi,7320
420,Jonathan,Allen,Manufacturing engineer,1932-12-15,Togo,6453
421,Nathan,Howard,"Engineer, biomedical",1971-06-07,Brunei Darussalam,905
422,Jeremy,Fleming,Proofreader,2019-04-12,Jersey,558
423,Angela,Cain,"Exhibitions officer, museum/gallery",1941-08-06,Ethiopia,3033
424,Rachel,Mata,"Scientist, research (maths)",2019-10-28,Central African Republic,2267
425,Richard,Campbell,"Engineer, aeronautical",1925-12-24,Aruba,5508
426,Rebecca,Skinner,"Civil engineer, consulting",1958-10-02,Cape Verde,365
427,William,Schneider,"Teacher, adult education",1925-10-26,Faroe Islands,7182
428,Brett,Mack,"Designer, ceramics/pottery",1966-05-07,Iceland,4921
429,Raymond,Hall,Corporate treasurer,1965-09-14,Samoa,9620
430,Dennis,Lee,Soil scientist,2018-02-08,Marshall Islands,779
431,Lisa,Hardin,Minerals surveyor,1985-07-07,Romania,8903
432,Elizabeth,Ibarra,Ship broker,1997-12-08,Bolivia,9242
433,Crystal,Schmidt,"Designer, ceramics/pottery",2008-03-23,Greece,7015
434,Elizabeth,Dixon,Emergency planning/management officer,1989-01-29,Estonia,5929
435,Heidi,Jackson,Sports therapist,1969-06-26,Venezuela,1803
436,Shane,Moreno,Tax inspector,1959-06-10,Djibouti,3551
437,Nancy,Eaton,Advice worker,1964-08-10,Russian Federation,6210
438,Charles,Austin,Advertising art director,1907-12-19,Russian Federation,3545
439,Karen,Roach,"Social research officer, government",1988-03-14,Guadeloupe,9888
440,Michelle,Newman,Database administrator,1982-09-15,Isle of Man,6605
441,Shannon,Russell,Geoscientist,2004-11-03,Tuvalu,7004
442,Caroline,Martin,Chief Operating Officer,1945-09-24,Palestinian Territory,5596
443,Jennifer,Velasquez,Marketing executive,1955-03-27,Lithuania,391
444,Holly,Lane,"Geologist, wellsite",1947-02-02,Canada,1911
445,Renee,Thomas,Ophthalmologist,1951-10-23,Equatorial Guinea,5738
446,Jennifer,Powell,Magazine features editor,1993-03-29,Cambodia,4396
447,Ryan,Gallegos,Materials engineer,1963-05-10,Falkland Islands (Malvinas),2431
448,Maria,Zuniga,Veterinary surgeon,1980-11-30,San Marino,5607
449,Peter,Campbell,Osteopath,1995-08-05,Finland,8365
450,Kayla,Ramos,Quality manager,1917-05-12,Western Sahara,8820
451,Sara,Robertson,Charity fundraiser,1945-10-04,Algeria,8731
452,Brian,Sanchez,Advice worker,1948-01-02,Poland,9203
453,Joshua,Pratt,Tourism officer,1966-06-22,Lao People's Democratic Republic,4237
454,Christopher,Cole,Product manager,1979-03-10,British Virgin Islands,7181
455,Natalie,Robinson,Lawyer,2001-05-10,Germany,3110
456,John,Christian,Garment/textile technologist,1950-11-16,Hong Kong,5014
457,Chelsea,Ellis,Product designer,2013-07-13,Finland,1911
458,Karen,Kirby,Planning and development surveyor,1968-10-12,Cocos (Keeling) Islands,3263
459,April,Jones,Geophysical data processor,1943-08-18,Zambia,9944
460,Robert,Singleton,Licensed conveyancer,1950-08-27,Aruba,8732
461,Stephanie,Hubbard,"Surveyor, land/geomatics",2011-02-02,British Indian Ocean Territory (Chagos Archipelago),4166
462,Christopher,Barber,Paramedic,1945-06-01,Macedonia,932
463,Stacie,Orr,Commercial horticulturist,2018-12-17,Trinidad and Tobago,9270
464,Megan,Wright,"Presenter, broadcasting",1923-07-09,Isle of Man,2788
465,James,Marshall,Tax adviser,2000-07-22,Guinea,8335
466,Denise,Lowe,Proofreader,2021-07-01,Jersey,5207
467,Wendy,Gutierrez,Museum/gallery exhibitions officer,1973-12-13,Bermuda,5155
468,Ernest,Avery,"Geologist, engineering",1912-07-31,Fiji,4774
469,Michael,Munoz,Archivist,1996-05-09,Belize,7597
470,Phillip,Wagner,Solicitor,1926-04-10,Guatemala,6437
471,Christopher,Hines,Medical secretary,1907-01-13,Somalia,2776
472,Sabrina,Schneider,"Geologist, engineering",1958-07-20,Eritrea,5702
473,Jason,Flowers,Warden/ranger,1992-02-09,Bermuda,5005
474,Randall,Turner,Holiday representative,1999-08-24,Antarctica (the territory South of 60 deg S),3081
475,Norman,Spencer,Psychotherapist,2004-05-04,Bangladesh,9248
476,James,Gamble,Solicitor,1978-08-14,Tuvalu,7006
477,Thomas,White,IT consultant,1977-12-31,United Kingdom,8749
478,Barbara,Murphy,"Psychologist, educational",1942-06-12,Sierra Leone,2657
479,Karen,Elliott,Sports administrator,1978-06-28,Sweden,6397
480,Joe,Smith,English as a second language teacher,1947-02-18,Timor-Leste,715
481,Roy,Hayes,"Teacher, music",1975-06-20,Norfolk Island,509
482,Sherri,Montes,Town planner,1954-11-20,Lao People's Democratic Republic,8447
483,Gloria,Benson,Optometrist,1997-11-11,Iceland,3174
484,Zoe,Dillon,"Development worker, international aid",1967-04-27,Bahrain,4958
485,Robert,Gardner,Tree surgeon,1940-11-16,Luxembourg,1232
486,Angela,Henry,Mining engineer,1991-01-16,Faroe Islands,4655
487,Steven,Thompson,Waste management officer,2019-10-17,Cocos (Keeling) Islands,5710
488,Scott,Gonzalez,Seismic interpreter,1973-06-05,Albania,2517
489,Ernest,Pratt,Horticultural consultant,1944-04-11,Moldova,5693
490,Victoria,Fox,Emergency planning/management officer,1940-11-08,Liechtenstein,554
491,Alan,Nolan,Audiological scientist,1983-05-20,Saint Martin,5992
492,Sharon,Gordon,Industrial/product designer,1940-12-22,Guadeloupe,2332
493,Sandra,Castillo,"Administrator, Civil Service",2008-09-05,Belize,7664
494,Christopher,Bradley,"Surveyor, minerals",1936-01-22,Panama,933
495,Erica,Johnson,Lobbyist,1925-11-25,Faroe Islands,5731
496,Chad,Arnold,Health physicist,1937-07-30,Isle of Man,718
497,Daniel,Torres,Clinical research associate,1990-01-28,Benin,6221
498,Margaret,Dougherty,"Editor, film/video",1923-10-01,Brazil,4197
499,Kevin,Burton,Production engineer,2020-11-30,Trinidad and Tobago,3994
500,Elizabeth,Chapman,Nutritional therapist,1999-11-09,Albania,6983
501,David,Morris,TEFL teacher,1987-05-25,French Polynesia,2563
502,Timothy,Koch,"Runner, broadcasting/film/video",2017-10-20,Kuwait,4425
503,Steven,Mccormick,"Horticulturist, commercial",1915-10-10,Chad,3147
504,Wesley,Burnett,Music tutor,1925-12-14,Niue,3603
505,Caitlin,Aguilar,"Nurse, adult",2001-05-10,Togo,1540
506,Jessica,Dean,Printmaker,1948-03-24,Afghanistan,2864
507,Julie,Berg,Land/geomatics surveyor,1923-12-04,Isle of Man,8835
508,Joseph,Nash,Art gallery manager,1934-06-06,Svalbard & Jan Mayen Islands,9723
509,Marissa,Torres,Equality and diversity officer,1958-08-04,Poland,2
510,Ashley,Thornton,Contractor,1909-08-15,Cayman Islands,2036
511,Lacey,Zhang,Broadcast presenter,1907-12-03,Saint Lucia,1697
512,Eddie,Potter,Forest/woodland manager,1981-12-12,Burkina Faso,33
513,Jason,Rivera,Proofreader,1945-05-12,Korea,6025
514,Daniel,Jenkins,Toxicologist,1955-05-08,United States of America,956
515,Meredith,Hawkins,Sports coach,1936-09-03,Nepal,9472
516,Faith,Nelson,Magazine journalist,1954-02-20,Armenia,2194
517,Deanna,White,Veterinary surgeon,1962-08-24,Myanmar,6838
518,Steven,Lambert,"Radiographer, therapeutic",1936-09-01,Egypt,7390
519,Linda,Rios,Garment/textile technologist,1997-11-18,Hungary,6253
520,Andrea,Fisher,Leisure centre manager,1913-09-26,Sri Lanka,7767
521,Joseph,Reynolds,Tourist information centre manager,1917-10-17,Guyana,6231
522,Brian,Brown,Financial trader,1944-05-01,Tonga,9997
523,Kim,Trevino,Database administrator,1924-08-06,French Southern Territories,4100
524,Victoria,Gaines,Software engineer,1962-03-21,Guatemala,1662
525,Jessica,Greer,Higher education careers adviser,1907-06-17,Tanzania,338
526,Dustin,Larson,Technical brewer,2019-07-16,Hungary,8652
527,Ann,Houston,Travel agency manager,1956-03-30,Saint Helena,2548
528,Jeremy,Garrett,"Production assistant, radio",1963-03-27,Poland,7976
529,Chris,Lee,Tax adviser,1945-08-27,Myanmar,9042
530,Kelly,Lopez,Water quality scientist,1984-02-20,Belgium,152
531,Charles,Garrett,Biomedical scientist,2017-01-23,Italy,3856
532,Jessica,Williams,Health promotion specialist,1969-01-12,Bahamas,6869
533,Lori,Boyd,Herpetologist,1917-06-28,Martinique,7661
534,Jessica,Hicks,Psychotherapist,1972-06-07,Heard Island and McDonald Islands,3086
535,Andrew,Powell,Electrical engineer,1931-04-01,Tanzania,6994
536,Jennifer,Martin,Special effects artist,1920-07-10,Somalia,9703
537,John,Thomas,"Engineer, petroleum",2007-12-07,Honduras,3806
538,John,White,Ergonomist,2014-02-20,Luxembourg,3769
539,Steven,Martin,Rural practice surveyor,2008-09-17,Chile,1137
540,Wayne,Weiss,Health and safety inspector,1979-05-06,Saint Barthelemy,6886
541,Wanda,Webster,"Production assistant, radio",1961-11-28,Vanuatu,1234
542,James,Ruiz,English as a foreign language teacher,1953-06-20,Malta,7024
543,Johnny,Alexander,Firefighter,1998-05-30,Equatorial Guinea,960
544,Samuel,Powell,Careers information officer,2021-02-15,Singapore,2795
545,Megan,Caldwell,Applications developer,1985-04-25,Sri Lanka,134
546,John,Roberts,Set designer,1995-04-15,Luxembourg,355
547,Rhonda,Wallace,"Merchandiser, retail",1982-08-12,Panama,9603
548,Emily,Reed,Tax adviser,1955-09-10,Dominica,1383
549,Amber,Dunn,"Runner, broadcasting/film/video",1927-06-11,Saint Kitts and Nevis,4934
550,Dennis,Peterson,Television/film/video producer,1973-01-04,Martinique,9488
551,Sally,Friedman,Art gallery manager,2000-10-14,Tajikistan,2397
552,Brandon,Young,"Therapist, nutritional",1980-02-26,Kazakhstan,7395
553,Jonathan,Lopez,Data scientist,1986-01-10,Reunion,8325
554,Patricia,Brown,"Programmer, multimedia",1914-02-18,Ghana,9601
555,April,Jackson,"Scientist, forensic",2001-10-11,Pitcairn Islands,6856
556,Randall,Sheppard,Bonds trader,1976-01-25,Tanzania,8106
557,Shaun,Little,Advice worker,1907-08-25,Kiribati,4995
558,Mark,Roberts,Radio producer,1978-01-23,Maldives,7092
559,Shane,White,Environmental health practitioner,2010-12-01,Dominica,2689
560,Frank,Garner,Quantity surveyor,1928-10-01,Saint Pierre and Miquelon,7117
561,Jason,Thompson,Printmaker,2003-07-09,French Polynesia,1355
562,Chad,Griffin,Pension scheme manager,2014-04-18,Botswana,6340
563,Andrew,Benton,Secretary/administrator,1978-01-05,Andorra,7499
564,Lance,Porter,Haematologist,1921-09-05,Aruba,6266
565,Benjamin,Williams,"Conservator, furniture",2001-01-10,Panama,9527
566,Harold,Martinez,Broadcast presenter,2002-09-29,Djibouti,2514
567,John,Hughes,Agricultural engineer,1958-12-29,Bhutan,470
568,Ronald,Richardson,"Engineer, agricultural",1911-08-28,Mayotte,5656
569,Ashley,Miller,Trade union research officer,1914-03-13,Cameroon,7735
570,Jessica,Sanchez,Broadcast journalist,1911-04-12,Vietnam,2606
571,Alicia,Rodriguez,Technical brewer,1967-08-22,Spain,4431
572,Ryan,Mcdonald,Diplomatic Services operational officer,1906-09-14,Philippines,6240
573,Nicholas,Watts,"Merchandiser, retail",1992-06-20,Korea,738
574,Rebecca,Nelson,Museum/gallery curator,1974-10-16,Canada,7953
575,Amanda,Robinson,Airline pilot,1968-05-10,Eritrea,6706
576,Shaun,Mclaughlin,Charity fundraiser,2013-03-27,Canada,3159
577,Travis,Chen,Forensic psychologist,1911-05-11,Andorra,4027
578,Denise,Howell,"Solicitor, Scotland",2011-07-21,Libyan Arab Jamahiriya,7786
579,Nicole,Valenzuela,"Scientist, forensic",2014-04-26,Liechtenstein,536
580,Jill,Campbell,Materials engineer,1975-09-23,Brazil,1463
581,James,Walsh,Insurance broker,2020-05-16,Honduras,4972
582,Courtney,Ortiz,"Librarian, public",1946-05-16,Cote d'Ivoire,4035
583,Robert,Goodwin,Fisheries officer,1976-01-19,Uganda,9854
584,Karen,Hernandez,Actuary,1997-04-15,South Africa,7151
585,Shirley,Hodge,Licensed conveyancer,1978-01-11,Nepal,4500
586,Ethan,Arroyo,General practice doctor,1991-04-06,French Guiana,4824
587,Chelsea,Morris,Herpetologist,1919-03-21,Hong Kong,289
588,Robert,Singh,Psychotherapist,1993-12-05,Papua New Guinea,2015
589,Daniel,Gonzales,"Engineer, electronics",2004-04-25,Cuba,7134
590,Jennifer,Alexander,"Scientist, research (medical)",2018-05-22,British Indian Ocean Territory (Chagos Archipelago),195
591,Christina,Flores,Research scientist (maths),1938-12-02,Brazil,179
592,John,Jones,Arts development officer,1993-07-10,Ecuador,3389
593,Gregory,Baker,Psychiatric nurse,1979-12-09,Congo,8705
594,Ronald,Perez,Secretary/administrator,2010-03-13,Spain,9332
595,Nicole,Cummings,Museum/gallery exhibitions officer,1964-01-28,Burkina Faso,9634
596,Katelyn,Harrington,Sub,1991-02-02,Jersey,3942
597,Deborah,Stewart,Quality manager,2009-02-19,Namibia,467
598,Bailey,Schultz,Regulatory affairs officer,1911-11-09,San Marino,2154
599,Travis,Robertson,Nature conservation officer,2011-11-29,Rwanda,913
600,Walter,Jones,Scientific laboratory technician,1914-01-26,Sierra Leone,631
601,Steven,Hayes,"Physicist, medical",1948-03-14,Central African Republic,3817
602,Matthew,Hopkins,"Designer, interior/spatial",1938-03-22,Kazakhstan,7598
603,James,Bautista,Hospital doctor,1974-08-02,Indonesia,2825
604,Jessica,Brown,"Education officer, museum",2001-12-03,Kuwait,7169
605,Lisa,Rodgers,"Designer, industrial/product",2010-01-16,Tonga,8056
606,James,Barnes,Television/film/video producer,1940-09-19,Liberia,9217
607,Patrick,Chan,"Engineer, manufacturing systems",2010-06-21,Nepal,359
608,Jason,Rogers,Legal executive,2013-09-22,Pakistan,8949
609,Cindy,Frazier,"Horticulturist, commercial",1961-02-17,Nepal,2779
610,Cathy,Lewis,Broadcast engineer,1916-07-23,Antigua and Barbuda,8657
611,John,Carroll,Contractor,2012-02-22,Tunisia,9331
612,James,Smith,"Lecturer, further education",1976-02-29,Cook Islands,3072
613,Anna,Myers,Data scientist,1970-04-09,Madagascar,517
614,Carlos,Parker,Publishing rights manager,1931-05-07,Spain,5590
615,Rose,Weber,Secretary/administrator,1955-09-30,Gambia,152
616,Cathy,Dixon,"Scientist, forensic",2020-11-10,Somalia,6066
617,Abigail,Nunez,"Psychotherapist, dance movement",1950-11-07,Tanzania,5163
618,Ryan,Zavala,"Engineer, manufacturing",1907-02-01,Ukraine,8403
619,Robert,Howard,Advertising copywriter,1969-10-15,French Guiana,2964
620,Jonathan,Hernandez,Stage manager,1995-11-27,Lebanon,780
621,Veronica,Perez,Communications engineer,1945-01-06,South Africa,9068
622,Harold,Jones,Land/geomatics surveyor,2005-10-29,Singapore,3312
623,Stephanie,Miller,Logistics and distribution manager,2018-07-07,Norfolk Island,9966
624,Anthony,Collins,Ceramics designer,1969-08-22,Guatemala,6355
625,Rachel,Hodge,Environmental manager,1989-10-08,New Caledonia,2438
626,Beth,Mills,Corporate investment banker,1986-01-26,China,4579
627,Kathleen,Martinez,"Engineer, electrical",1970-04-18,Ukraine,54
628,Daniel,Smith,Meteorologist,1972-07-05,Monaco,1350
629,Darrell,Meadows,"Psychologist, sport and exercise",2000-08-24,Christmas Island,9276
630,Janet,Nelson,"Therapist, horticultural",1925-06-09,Malawi,3443
631,Richard,Mcclain,"Scientist, forensic",1966-05-13,New Caledonia,5408
632,Joe,Ellis,Higher education careers adviser,1975-01-19,Vietnam,7003
633,Jason,Guerra,Broadcast journalist,1961-07-22,Jamaica,1220
634,Ashley,Jimenez,Administrator,1922-03-05,Latvia,4583
635,Jeanette,Boyer,Copy,1927-11-05,Western Sahara,9382
636,Melanie,James,"Investment banker, corporate",1918-07-17,Malaysia,3527
637,David,Martin,Hydrogeologist,1939-11-28,Macedonia,1771
638,Andrew,Diaz,"Scientist, water quality",1981-02-05,Zambia,3931
639,Bonnie,Willis,Toxicologist,1949-02-15,Mauritius,1401
640,Stephanie,Nelson,Applications developer,1972-08-28,Mozambique,447
641,John,Smith,Health visitor,1917-09-21,Anguilla,6050
642,Joshua,Miranda,Tourist information centre manager,1945-08-01,Austria,5598
643,Wesley,Lopez,Product designer,1954-11-06,Puerto Rico,2188
644,Jennifer,Melton,Actuary,1909-02-24,Papua New Guinea,1976
645,Roberto,Russell,Solicitor,1969-02-11,Nepal,7268
646,Adam,Valencia,Web designer,1936-06-29,El Salvador,5932
647,Evan,Morales,Chartered public finance accountant,1907-03-28,Eritrea,6165
648,Carol,Shepard,"Surveyor, building control",1984-07-26,Yemen,6337
649,Tim,Pace,Cabin crew,1913-03-15,Congo,2164
650,Joel,Wright,"Engineer, electronics",1961-03-13,Korea,7690
651,Jennifer,Fuller,Ranger/warden,1994-07-01,Cayman Islands,6517
652,Beverly,Smith,Environmental consultant,1987-05-29,Burundi,2253
653,George,Herrera,Community arts worker,1908-07-27,Korea,9138
654,Edwin,Jones,"Lighting technician, broadcasting/film/video",2013-03-17,Colombia,8384
655,Jennifer,West,Product manager,1926-11-03,Antigua and Barbuda,7055
656,Anthony,Henry,Field seismologist,1964-07-07,Eritrea,1187
657,Emily,Woodard,Chemical engineer,1940-06-18,Slovenia,4611
658,Robert,Ferguson,Actuary,1962-05-09,Armenia,7846
659,Diana,Duncan,"Accountant, chartered public finance",2007-05-08,Kuwait,6559
660,Jeffery,Hayes,"Designer, ceramics/pottery",1985-05-23,Spain,3165
661,Donald,Sanford,Occupational psychologist,1912-06-21,Denmark,1854
662,Teresa,Atkinson,"Exhibitions officer, museum/gallery",1972-01-25,Eritrea,7424
663,Shelly,Day,Building control surveyor,1963-02-12,Cayman Islands,2690
664,Gerald,Hancock,"Administrator, arts",1981-08-27,Svalbard & Jan Mayen Islands,9601
665,Richard,Patel,Clinical biochemist,1919-07-19,Ukraine,8970
666,Nicole,Nunez,Chief Technology Officer,1921-03-18,French Southern Territories,8922
667,Rachel,Cantrell,Newspaper journalist,1985-09-12,Bhutan,9359
668,Brandon,Stewart,Architectural technologist,1936-12-15,Puerto Rico,3177
669,Robert,Bass,Chartered legal executive (England and Wales),1968-11-29,Mongolia,6519
670,Lynn,Watson,Production engineer,2011-12-31,Congo,4952
671,Frank,Cooley,Media buyer,1949-11-02,Chile,8134
672,Trevor,Kelly,Ship broker,1975-07-12,Thailand,4786
673,Tracey,George,Drilling engineer,1934-03-15,Fiji,8544
674,Kristen,Smith,"Scientist, water quality",2004-06-11,Antigua and Barbuda,5714
675,Brittany,Gonzales,"Therapist, nutritional",2018-04-01,Monaco,8360
676,Jill,Wyatt,Oncologist,1909-09-11,United States Minor Outlying Islands,4981
677,Frank,Johnson,Best boy,1951-08-02,Guinea,6482
678,Lindsey,Ortiz,Art gallery manager,1910-09-07,Slovakia (Slovak Republic),3920
679,Jackson,Guerrero,Broadcast presenter,1958-05-18,Jordan,3972
680,Rebecca,Walters,"Surveyor, land/geomatics",1936-08-16,Saint Martin,8330
681,Frank,Long,Interpreter,1950-06-29,Western Sahara,7304
682,Carlos,Townsend,Radio producer,2017-11-26,Solomon Islands,9075
683,Erik,White,Veterinary surgeon,1943-11-08,Brunei Darussalam,3403
684,Lisa,Foster,"Psychologist, sport and exercise",1976-05-09,Iran,6201
685,Jamie,Soto,Microbiologist,1925-01-18,Uganda,2822
686,Steven,Carpenter,"Psychologist, counselling",1938-04-03,Tunisia,8475
687,Cynthia,Reid,"Horticulturist, commercial",2018-09-07,French Guiana,8810
688,Rebecca,Gomez,Insurance underwriter,1975-11-29,Guinea-Bissau,6443
689,Kayla,Hernandez,Drilling engineer,1963-04-25,Venezuela,1169
690,Brian,Simmons,Quarry manager,2013-02-05,Tonga,6978
691,Jessica,Fox,Secondary school teacher,2011-10-28,Mayotte,2289
692,Taylor,Crawford,Social researcher,1996-05-21,Philippines,3665
693,John,Peters,"Scientist, water quality",1935-08-03,Papua New Guinea,4372
694,Teresa,Fuller,Marketing executive,1967-02-04,Liberia,7133
695,Jacqueline,Palmer,TEFL teacher,1990-01-28,Nigeria,3296
696,Aimee,Campbell,IT sales professional,1948-05-23,Saint Helena,9345
697,Sandra,Mccoy,"Doctor, general practice",1985-05-30,Turks and Caicos Islands,4633
698,Jared,Moore,"Horticulturist, commercial",1914-03-05,Sao Tome and Principe,1791
699,Michelle,Knox,Quality manager,1943-10-07,Germany,8444
700,Alexandria,Cardenas,Manufacturing engineer,1925-01-17,Finland,8182
701,Sharon,Smith,Travel agency manager,2015-07-16,Lebanon,4242
702,Eric,Bailey,Curator,1922-10-16,Zambia,2408
703,Steve,Perkins,Industrial/product designer,1925-08-26,Isle of Man,7209
704,Andrew,Roy,Bookseller,1926-04-28,Fiji,4229
705,Barbara,Bell,Passenger transport manager,1963-12-13,Australia,4731
706,Jessica,Saunders,Holiday representative,1981-04-06,Ukraine,4942
707,Stephanie,Morgan,Artist,2006-06-19,Austria,9808
708,Matthew,Robles,Legal executive,2018-11-15,Turkmenistan,2668
709,Douglas,Adams,Information systems manager,1968-07-15,Estonia,4658
710,Kelly,Mitchell,Manufacturing engineer,1986-04-11,Palau,4292
711,Jonathan,Jones,Call centre manager,1942-07-23,South Africa,4106
712,Amy,Bray,Legal executive,1962-11-15,British Indian Ocean Territory (Chagos Archipelago),4827
713,Steven,Ramirez,Games developer,2001-02-03,Malawi,8421
714,Carrie,Galloway,English as a foreign language teacher,1977-06-14,Canada,9797
715,Robin,Wall,Toxicologist,2015-01-31,Angola,1680
716,William,Baker,Chemical engineer,1922-01-15,Mongolia,9172
717,Norma,Martinez,Multimedia specialist,1975-06-15,Slovenia,9497
718,Jeffrey,Morris,Consulting civil engineer,1993-01-23,Austria,8898
719,Gabriel,Johnson,Public relations officer,1918-03-07,New Caledonia,5128
720,Catherine,Harris,"Editor, commissioning",2011-02-22,Armenia,2482
721,Christopher,Kim,Proofreader,1971-02-03,Iraq,659
722,Susan,Robinson,Video editor,1975-02-15,Saint Vincent and the Grenadines,3165
723,Laura,Dillon,Armed forces technical officer,2005-01-22,Bosnia and Herzegovina,8895
724,George,Mccormick,Accounting technician,2001-09-10,Equatorial Guinea,482
725,Danielle,Long,Armed forces operational officer,2014-11-17,Estonia,2121
726,Kristin,Smith,"Engineer, aeronautical",1960-07-26,Cayman Islands,1043
727,Mary,Hernandez,IT consultant,1911-11-15,Cote d'Ivoire,588
728,Jason,Reed,"Designer, textile",1931-01-25,United Kingdom,523
729,William,Sanders,Aid worker,2005-08-15,Eritrea,4407
730,Eric,Pratt,Radio producer,1909-08-02,Norfolk Island,8745
731,Denise,Williams,Estate agent,1980-05-14,Ethiopia,4647
732,Matthew,Chaney,"Engineer, civil (consulting)",1982-05-16,Taiwan,3626
733,Stephen,Hayes,"Physicist, medical",1996-07-02,Honduras,901
734,Andrea,Smith,Primary school teacher,1925-08-26,Panama,6045
735,Jean,Gonzalez,Learning disability nurse,1967-10-29,Malaysia,7357
736,Heidi,Elliott,Speech and language therapist,1962-07-04,Suriname,8519
737,Debra,Hall,Water quality scientist,1945-08-21,Belize,7087
738,Kathleen,Anderson,"Research officer, trade union",1907-07-03,Venezuela,581
739,Megan,Gross,Toxicologist,1962-04-07,Lithuania,8706
740,David,Garcia,"Geneticist, molecular",1928-03-07,Saint Martin,3110
741,Jennifer,Mooney,"Editor, commissioning",1981-10-27,Hungary,1159
742,Robert,Gardner,Tree surgeon,1930-01-25,Uruguay,6300
743,Martin,Hinton,Prison officer,1945-11-12,Malta,1946
744,Jennifer,Sims,Land/geomatics surveyor,1999-09-13,Togo,8953
745,Brittany,Cain,"Investment banker, operational",2018-10-30,Malta,5034
746,Travis,Brown,Cartographer,2014-11-10,Croatia,5835
747,Christian,Williams,Broadcast presenter,1923-01-29,British Indian Ocean Territory (Chagos Archipelago),6190
748,Joseph,Torres,IT consultant,2006-02-21,American Samoa,6956
749,Michael,Rodriguez,"Development worker, international aid",1922-12-15,Saint Barthelemy,9461
750,Ronald,Carlson,Operational investment banker,1979-01-16,Uganda,5675
751,Eduardo,Garcia,Clothing/textile technologist,1982-10-02,Honduras,1796
752,Paul,Morgan,Systems developer,1951-11-02,Bahamas,8398
753,Lisa,Stewart,Food technologist,1955-04-21,Germany,4520
754,Dennis,Reynolds,Fisheries officer,1950-12-06,Togo,3623
755,James,Smith,Geophysicist/field seismologist,1907-06-03,Ethiopia,8245
756,Alfred,Jones,"Development worker, community",2000-05-28,Cook Islands,4388
757,Mark,Andrews,Public relations officer,1906-09-04,Vietnam,4607
758,Christopher,Ward,Tourism officer,1963-11-06,Guadeloupe,4179
759,Nicholas,Sanders,"Nurse, mental health",2014-09-21,New Caledonia,8686
760,Diana,George,Orthoptist,1915-08-22,Madagascar,8152
761,James,Singleton,Environmental manager,1947-07-31,Anguilla,3474
762,Natalie,Patterson,Senior tax professional/tax inspector,1909-06-02,Sri Lanka,9174
763,Alexander,Walters,Theatre stage manager,1963-10-02,Burundi,6852
764,Frank,Pierce,Stage manager,2002-12-26,Bouvet Island (Bouvetoya),5511
765,Edward,Franco,Dispensing optician,1931-12-22,Malaysia,6301
766,David,Rollins,Drilling engineer,1910-01-25,Finland,3708
767,Jason,Ryan,"Scientist, physiological",1937-03-26,Dominica,6022
768,Christopher,Garcia,Personal assistant,1930-12-06,San Marino,4232
769,Jacob,Boone,Catering manager,2011-06-19,Jordan,3063
770,Erin,Jones,"Accountant, chartered",1945-03-19,Eritrea,5888
771,Katrina,Santos,Web designer,1945-05-25,Guinea-Bissau,1118
772,Sandra,Wood,Oncologist,1931-04-25,American Samoa,421
773,Lauren,Harper,Radio broadcast assistant,1967-07-16,United States of America,5276
774,Kim,Nelson,Horticultural therapist,1971-12-29,British Indian Ocean Territory (Chagos Archipelago),9340
775,Nancy,Strickland,Environmental health practitioner,1941-06-27,South Georgia and the South Sandwich Islands,5647
776,Christopher,Riley,"Teacher, early years/pre",2020-09-26,Mauritania,4407
777,Kevin,Hoffman,"Merchandiser, retail",1937-07-16,Saudi Arabia,6655
778,James,Meyers,Web designer,1948-05-10,Colombia,8350
779,Jennifer,Mccall,Freight forwarder,1920-07-08,Iceland,301
780,Kenneth,Chapman,Insurance broker,2010-01-06,Vanuatu,4102
781,Vincent,Nguyen,Careers information officer,2018-06-14,Guatemala,9029
782,Jennifer,Spence,Hydrographic surveyor,1998-08-13,United States Minor Outlying Islands,9712
783,Spencer,Mcdonald,"Therapist, drama",1926-05-01,Swaziland,5189
784,Margaret,Brown,Corporate treasurer,1937-11-23,Gambia,9046
785,Teresa,Johnson,Minerals surveyor,1910-05-17,Zambia,6138
786,Mario,Miller,Probation officer,2004-09-28,Belgium,8379
787,Frederick,Horn,Chartered certified accountant,1962-11-22,British Virgin Islands,1054
788,Adrian,White,Trading standards officer,1912-11-12,United States Minor Outlying Islands,9189
789,Kimberly,Jackson,Bookseller,2017-12-06,Gabon,7724
790,Kimberly,Garcia,Actor,2016-04-25,Seychelles,5548
791,Sonya,Chen,Company secretary,1930-03-05,Argentina,9821
792,Jerry,Franco,"Administrator, sports",1930-08-02,Israel,916
793,Todd,Stewart,Osteopath,1928-03-08,Korea,9145
794,Jennifer,Suarez,"Scientist, marine",1935-01-08,Guam,375
795,Lawrence,Parrish,"Therapist, drama",1924-06-20,Slovakia (Slovak Republic),4468
796,John,Jones,Careers adviser,1990-03-15,Turkey,1263
797,Cassandra,Warren,Colour technologist,1905-11-10,Thailand,4004
798,Robert,Wiley,Homeopath,1907-01-04,Niger,43
799,Kevin,Thomas,"Teacher, adult education",2003-12-21,Tanzania,2139
800,Crystal,Walker,Chartered accountant,2018-11-14,Brazil,7344
801,Richard,Jenkins,Social researcher,1992-01-28,Saint Lucia,3641
802,Andrew,Wright,Fashion designer,1933-11-10,Guadeloupe,5124
803,William,Jones,"Librarian, public",1954-08-08,Tunisia,7234
804,Evan,Green,Electronics engineer,1962-08-13,Spain,8603
805,Ian,Hernandez,Colour technologist,1957-06-15,French Southern Territories,4771
806,Sherry,Curry,Garment/textile technologist,1939-04-17,Somalia,8977
807,Joel,Williams,International aid/development worker,1944-05-31,Hungary,9342
808,Sydney,Mays,"Psychotherapist, dance movement",1928-10-17,Netherlands Antilles,5896
809,Darryl,Jenkins,"Engineer, maintenance (IT)",1926-10-30,Finland,8992
810,Ashley,Jackson,Sports administrator,2014-03-22,Timor-Leste,4617
811,John,Hill,Horticultural therapist,1943-09-11,Netherlands,4614
812,Megan,Reyes,Agricultural engineer,1960-02-08,Malta,1200
813,David,Gilbert,Barrister,1991-01-15,Rwanda,430
814,Sandra,Elliott,"Surveyor, planning and development",1974-11-29,Latvia,9718
815,Sara,Nunez,Oncologist,1981-10-16,Reunion,6373
816,Elijah,Roberts,"Teacher, English as a foreign language",1925-02-15,Greece,3249
817,Brenda,Solomon,Public affairs consultant,1933-05-13,Guam,6811
818,Craig,Flores,"Conservator, museum/gallery",1964-12-13,Reunion,6216
819,Kayla,Gutierrez,Restaurant manager,1989-06-26,Rwanda,9332
820,Denise,Davis,Publishing rights manager,1907-10-29,Zimbabwe,5861
821,Kevin,Rice,Nutritional therapist,1924-02-01,Slovakia (Slovak Republic),2674
822,Thomas,Martinez,"Scientist, research (maths)",1925-10-24,Lesotho,8781
823,Timothy,Smith,"Biochemist, clinical",1943-05-21,Bulgaria,4282
824,Kayla,Rubio,Higher education lecturer,1974-12-09,Somalia,1103
825,Sarah,Lane,Barrister,2014-03-01,Qatar,4498
826,Nicholas,Ward,Public relations account executive,1946-08-29,Cyprus,4937
827,Jennifer,Cox,Herpetologist,1988-01-06,Saint Barthelemy,643
828,Jennifer,Ellison,Musician,1973-12-12,Malta,6336
829,Charles,Smith,Production manager,1968-06-04,Papua New Guinea,7197
830,Darrell,Christian,"Doctor, hospital",1930-09-29,Nepal,8036
831,Melissa,Perez,Telecommunications researcher,1970-02-26,Solomon Islands,4794
832,Kristen,Beck,Archaeologist,1905-11-08,Lesotho,4241
833,Ryan,Douglas,"Engineer, broadcasting (operations)",1927-09-30,Turks and Caicos Islands,2715
834,Richard,Craig,Pension scheme manager,1946-05-13,Belize,1070
835,Charles,Adams,Marketing executive,1958-09-12,Pitcairn Islands,1574
836,Sheri,Bell,Insurance account manager,1973-12-10,Mauritius,1042
837,Daniel,Chen,Academic librarian,1946-10-07,Mayotte,4838
838,Emily,Lara,Brewing technologist,1989-01-11,Jamaica,6148
839,Derrick,Yoder,Futures trader,1983-03-27,French Guiana,1814
840,Summer,Rivers,Arts development officer,1946-12-23,Sudan,4367
841,Priscilla,Alexander,Sales executive,2008-04-20,Mauritania,2620
842,Beth,Fuller,Theme park manager,2021-02-15,Turks and Caicos Islands,8747
843,Brenda,Willis,Financial planner,1969-06-10,Sierra Leone,951
844,Kenneth,Burnett,Building services engineer,1946-07-04,Bermuda,7045
845,Holly,Elliott,"Conservator, museum/gallery",1960-12-03,Nigeria,9972
846,Kristy,Williams,Licensed conveyancer,1929-06-13,Iran,9697
847,Cheyenne,Thompson,Control and instrumentation engineer,1934-05-03,Bolivia,8933
848,Shane,Morton,"Horticulturist, amenity",1958-08-10,Tonga,1831
849,Timothy,Martinez,Paediatric nurse,1988-08-20,Tonga,7445
850,Sara,Casey,Audiological scientist,1909-12-28,Somalia,6641
851,William,Hawkins,Broadcast presenter,1981-04-14,Northern Mariana Islands,777
852,Timothy,Hale,Agricultural engineer,1999-04-13,Guam,9524
853,Mike,Ball,"Psychologist, sport and exercise",1912-05-18,Myanmar,178
854,Toni,Davis,Immigration officer,1960-08-03,Albania,6624
855,Elizabeth,Rivera,Early years teacher,2013-03-21,Netherlands Antilles,406
856,David,Cook,Legal executive,1996-09-24,Bahamas,8363
857,Christopher,Compton,"Education officer, community",1958-07-01,Romania,1542
858,Jeffrey,Brown,Make,1991-09-20,Kyrgyz Republic,3854
859,Kevin,Lopez,Prison officer,1932-08-22,Rwanda,7990
860,Amanda,Weaver,Estate agent,1951-09-30,Jamaica,2914
861,Shannon,Barrett,Psychotherapist,1972-09-07,Saint Vincent and the Grenadines,8692
862,Kelly,Larsen,Geophysicist/field seismologist,1942-05-27,Malawi,9675
863,Joseph,Carter,Information officer,1975-05-17,Philippines,5910
864,Dustin,Garcia,"Lecturer, further education",1970-05-02,Indonesia,6788
865,Phillip,Gomez,Hydrographic surveyor,1938-09-07,Grenada,5671
866,Paul,Gillespie,Electronics engineer,1948-11-10,Costa Rica,9422
867,Courtney,Perez,Chief of Staff,2003-01-11,Moldova,3309
868,Stacey,Benjamin,Meteorologist,1942-01-30,Reunion,4784
869,Justin,Roberts,Metallurgist,1954-07-18,Lithuania,3619
870,Heather,Chavez,Retail banker,2012-01-19,Kyrgyz Republic,2813
871,Daniel,Armstrong,Geophysicist/field seismologist,1977-09-27,Malaysia,1622
872,Colton,Williams,Materials engineer,1927-09-19,Malawi,6119
873,Matthew,Ramos,Medical secretary,1940-06-24,El Salvador,8269
874,Taylor,Chan,Scientific laboratory technician,1972-01-22,Tunisia,5004
875,Alexander,Schneider,Medical technical officer,1905-10-29,Pakistan,3257
876,Julie,Jackson,Town planner,1916-10-02,Togo,7151
877,Sabrina,Hall,Water quality scientist,1923-01-29,Latvia,8848
878,Sandra,Patterson,Land/geomatics surveyor,1966-06-27,Brazil,4949
879,Victoria,Carroll,Clinical biochemist,2005-11-30,Aruba,8751
880,Craig,Humphrey,Psychiatrist,2016-11-02,San Marino,3039
881,Allison,Nguyen,Animal technologist,1945-03-26,United States Virgin Islands,4538
882,Deborah,Cooke,Child psychotherapist,2001-10-15,Equatorial Guinea,6781
883,Steven,Gonzalez,Copy,2020-01-23,Grenada,2889
884,Susan,Thomas,"Producer, radio",1933-08-12,United States of America,4133
885,Kayla,Lester,"Psychotherapist, child",1957-08-09,Luxembourg,6001
886,Michelle,Deleon,Energy manager,1932-03-06,New Caledonia,3123
887,Caroline,Baird,Marketing executive,1945-03-08,Bosnia and Herzegovina,6306
888,April,Avila,"Loss adjuster, chartered",2008-10-03,Wallis and Futuna,8137
889,Brendan,Buck,Radiation protection practitioner,1943-10-29,Belarus,5405
890,Darrell,Robles,Maintenance engineer,2006-06-25,Germany,2056
891,Anthony,Davis,Logistics and distribution manager,2019-11-12,Andorra,5601
892,Crystal,Douglas,Accommodation manager,1953-11-17,Mauritius,2712
893,Jessica,Ayers,"Conservation officer, nature",1916-06-01,Tanzania,861
894,Joshua,Davis,"Teacher, primary school",2014-02-19,Sao Tome and Principe,3434
895,Marc,Wilkerson,"Engineer, technical sales",1996-05-11,Norway,1141
896,Joshua,Kirk,Research scientist (life sciences),1971-02-08,Anguilla,2618
897,Connie,Taylor,"Engineer, automotive",2001-07-17,Latvia,4314
898,Corey,Hunt,IT trainer,1936-01-09,Heard Island and McDonald Islands,1765
899,Bonnie,Jones,"Pharmacist, hospital",1926-03-02,Kyrgyz Republic,2811
900,Brandon,Miller,Chartered certified accountant,1965-04-23,Myanmar,2700
901,Cynthia,Spencer,Higher education lecturer,1932-09-16,Antarctica (the territory South of 60 deg S),8593
902,John,Foster,Software engineer,1914-06-14,Peru,4141
903,Adam,Hughes,Fashion designer,1912-06-03,Oman,9144
904,Barbara,Meadows,Tourist information centre manager,1930-01-14,Saudi Arabia,3018
905,Robert,Wu,Special educational needs teacher,1992-03-18,United States of America,5759
906,Kyle,Weaver,"Geologist, wellsite",1979-10-25,Israel,3557
907,Thomas,Reyes,"Therapist, music",1958-01-11,Heard Island and McDonald Islands,1195
908,Martin,Taylor,Insurance account manager,2002-10-10,Taiwan,7979
909,Zachary,Martin,Training and development officer,2001-01-24,Norfolk Island,5050
910,Jill,Taylor,Geophysicist/field seismologist,1976-12-21,Sri Lanka,3754
911,Emma,Gonzalez,"Scientist, research (maths)",2010-10-03,Cameroon,3017
912,Johnny,Bray,Actuary,2010-01-01,Denmark,4802
913,Christine,Watson,Medical illustrator,1996-03-23,Serbia,2408
914,Joshua,Lopez,"Lighting technician, broadcasting/film/video",2005-09-08,Saint Barthelemy,4239
915,Theresa,Graham,Interpreter,1960-06-22,Dominican Republic,1415
916,Albert,Brewer,"Engineer, structural",1928-07-01,Cayman Islands,4367
917,Paul,Sanchez,Aid worker,1908-07-14,Andorra,536
918,Darius,Perez,Youth worker,2007-01-01,Afghanistan,7755
919,David,Guerra,Training and development officer,1942-03-17,Ukraine,1301
920,Derrick,Newman,Estate agent,1967-06-29,Senegal,8496
921,Ann,Henderson,Chiropodist,1936-10-15,Kiribati,7359
922,Dwayne,Byrd,"Therapist, music",1916-02-02,Swaziland,7999
923,Amanda,Murray,Warden/ranger,1979-10-20,Holy See (Vatican City State),7656
924,Jacqueline,Johnson,Retail banker,1997-08-27,Congo,543
925,Kirsten,Taylor,Commercial art gallery manager,2004-05-31,Benin,8702
926,Wendy,Wolf,"Designer, furniture",1922-06-27,Bahamas,95
927,Robert,Hughes,Geophysical data processor,1990-06-05,Cote d'Ivoire,6371
928,Nicole,Wilson,Analytical chemist,1939-10-09,Equatorial Guinea,1677
929,Deborah,Werner,IT technical support officer,1945-04-10,Suriname,9207
930,Larry,Williams,Purchasing manager,1979-07-14,Marshall Islands,993
931,Lauren,Cardenas,Biomedical scientist,1927-02-13,Albania,1493
932,Kimberly,Barton,Pensions consultant,1984-12-12,Namibia,9347
933,Elizabeth,Hall,Geographical information systems officer,2005-05-22,British Virgin Islands,1120
934,Dawn,Wilson,Tour manager,2004-06-22,Pitcairn Islands,4454
935,John,Gutierrez,Training and development officer,1908-10-14,Holy See (Vatican City State),557
936,Sylvia,Webb,Environmental health practitioner,2006-03-12,British Indian Ocean Territory (Chagos Archipelago),5055
937,Russell,Ray,Banker,1928-03-08,Saudi Arabia,6320
938,Sherri,Rosario,Music tutor,1932-02-09,Mali,8700
939,Jasmine,Marquez,Database administrator,1935-03-24,Bahrain,2886
940,Emily,Hernandez,Fast food restaurant manager,1987-05-26,Mauritania,9559
941,Tyler,Webb,Purchasing manager,1917-03-25,Bouvet Island (Bouvetoya),2512
942,Henry,Flynn,"Nurse, children's",1984-12-31,Morocco,8462
943,Joseph,Fields,Claims inspector/assessor,1995-10-01,Nepal,236
944,Donna,Cabrera,"Designer, fashion/clothing",2016-04-01,Lithuania,6899
945,Joshua,Wade,Waste management officer,1920-01-21,Mozambique,7664
946,Juan,Stephens,"Engineer, materials",1945-11-01,Saint Barthelemy,4701
947,Crystal,Small,"Programmer, multimedia",1990-06-04,Guam,4741
948,Michael,Stewart,Higher education careers adviser,1985-07-30,Lebanon,369
949,Kayla,Day,"Production designer, theatre/television/film",1992-11-05,Burkina Faso,6646
950,Jose,Alexander,Rural practice surveyor,1969-10-10,Czech Republic,8931
951,Erin,Wood,Immigration officer,2010-09-26,San Marino,674
952,Matthew,Henderson,Bookseller,1934-11-30,Jordan,4836
953,Sean,Fisher,Pension scheme manager,2004-10-23,Hong Kong,8683
954,Richard,Rowland,Tax inspector,1944-03-13,Uganda,6238
955,Theresa,Cruz,Armed forces operational officer,1937-09-29,Micronesia,4668
956,Donna,Yates,Minerals surveyor,1963-05-05,Iran,3699
957,Emily,Smith,Insurance underwriter,1930-12-13,Singapore,2657
958,Robert,Thompson,Health physicist,1948-04-30,Liechtenstein,5827
959,Katherine,Gates,Public house manager,1938-10-07,Bosnia and Herzegovina,7064
960,Marc,Mcdowell,Retail merchandiser,1999-04-16,Israel,855
961,James,West,"Pharmacist, hospital",1934-05-07,Congo,9019
962,Megan,Santos,"Teacher, secondary school",1918-11-18,Israel,2990
963,Javier,Harvey,Sports coach,1952-03-07,Georgia,6081
964,Shannon,Williamson,Legal secretary,2003-05-27,Libyan Arab Jamahiriya,7421
965,Stephanie,Castillo,"Pilot, airline",2020-09-27,Saint Vincent and the Grenadines,7583
966,Sean,Sharp,Health physicist,1940-07-07,Marshall Islands,458
967,Kayla,Russell,"Engineer, production",1918-06-12,Eritrea,9510
968,Kenneth,Johnson,Web designer,2004-06-09,Eritrea,3353
969,Denise,Garcia,Radiation protection practitioner,1980-04-17,Denmark,6758
970,David,Davis,"Designer, ceramics/pottery",1945-10-23,French Guiana,4987
971,Anna,Harris,Operations geologist,1939-02-01,Cameroon,6797
972,Rebecca,Williams,"Presenter, broadcasting",1943-11-23,Holy See (Vatican City State),9429
973,Kelsey,Mendoza,"Conservator, furniture",2002-02-05,Austria,4499
974,Cindy,Patterson,"Administrator, charities/voluntary organisations",1950-04-11,Palestinian Territory,4551
975,Ashley,Charles,Writer,2010-07-14,Namibia,5555
976,Frederick,Nolan,Computer games developer,1918-02-05,American Samoa,3794
977,Sheryl,Gibson,"Journalist, newspaper",1974-04-11,Micronesia,1496
978,Travis,Sparks,Clinical biochemist,1989-12-26,Venezuela,9459
979,Roy,Henry,Hydrogeologist,1926-06-30,Greece,3577
980,Jason,Matthews,Commercial/residential surveyor,1927-10-21,Pakistan,197
981,James,Howard,"Surveyor, rural practice",1972-12-01,Malta,3820
982,Janet,Hopkins,Architect,1910-12-22,Netherlands,1197
983,Amber,Gibson,Clinical molecular geneticist,1989-10-19,Malawi,2495
984,Wendy,Boyd,Horticultural consultant,1989-04-13,Malaysia,8904
985,Ariel,Paul,Lexicographer,2017-09-04,Malta,7443
986,Jordan,Mcconnell,Gaffer,1937-04-30,Suriname,7029
987,Whitney,Mercado,Water quality scientist,1907-03-26,Belgium,4454
988,Alicia,Guzman,"Therapist, music",1972-06-02,Lithuania,126
989,William,Hicks,"Pharmacist, hospital",1978-06-21,Anguilla,636
990,Anna,Moore,Professor Emeritus,1976-04-02,Tanzania,9954
991,Lisa,Garcia,"Accountant, chartered",1915-11-19,South Africa,8607
992,Mark,Dawson,Arts administrator,1924-09-22,Latvia,6107
993,Paul,Allen,Bookseller,1988-04-15,Norway,6253
994,Angela,Pham,Operational investment banker,1960-12-11,Turkmenistan,5036
995,Amanda,Deleon,Air traffic controller,1946-04-24,Andorra,2620
996,Samantha,Cruz,Publishing copy,1971-02-09,Timor-Leste,4366
997,Kathryn,Guerrero,Retail merchandiser,1925-10-07,Thailand,8074
998,Xavier,Boyd,Travel agency manager,1931-08-23,Monaco,1983
999,Katelyn,Bailey,Communications engineer,1907-06-15,Saint Martin,7253
